rsi_period,oversold,overbought,score
35,90,10,-2.656402281673234
70,80,5,28.85206206543211
70,80,10,28.85206206543211
90,90,5,0.0
90,90,10,0.0
90,95,10,0.0
90,95,5,0.0
70,95,5,20.87770858435385
70,90,5,28.85205244439506
70,95,10,20.87770858435385
